<hark_xml version="1.3">
    <positions type="soundsource" frame="0" coordinate="cartesian">
        <position x="0.000" y="0.000" z="0.000" id="0"/>
        <position x="0.000" y="0.000" z="0.000" id="1"/>
        <position x="0.000" y="0.000" z="0.000" id="2"/>
        <position x="0.000" y="0.000" z="0.000" id="3"/>
        <position x="0.000" y="0.000" z="0.000" id="4"/>
        <position x="0.000" y="0.000" z="0.000" id="5"/>
        <position x="0.000" y="0.000" z="0.000" id="6"/>
        <position x="0.000" y="0.000" z="0.000" id="7"/>
        <position x="0.000" y="0.000" z="0.000" id="8"/>
        <position x="0.000" y="0.000" z="0.000" id="9"/>
        <position x="0.000" y="0.000" z="0.000" id="10"/>
        <position x="0.000" y="0.000" z="0.000" id="11"/>
        <position x="0.000" y="0.000" z="0.000" id="12"/>
        <position x="0.000" y="0.000" z="0.000" id="13"/>
        <position x="0.000" y="0.000" z="0.000" id="14"/>
        <position x="0.000" y="0.000" z="0.000" id="15"/>
        <position x="0.000" y="0.000" z="0.000" id="16"/>
        <position x="0.000" y="0.000" z="0.000" id="17"/>
        <position x="0.000" y="0.000" z="0.000" id="18"/>
        <position x="0.000" y="0.000" z="0.000" id="19"/>
        <position x="0.000" y="0.000" z="0.000" id="20"/>
        <position x="0.000" y="0.000" z="0.000" id="21"/>
        <position x="0.000" y="0.000" z="0.000" id="22"/>
        <position x="0.000" y="0.000" z="0.000" id="23"/>
        <position x="0.000" y="0.000" z="0.000" id="24"/>
        <position x="0.000" y="0.000" z="0.000" id="25"/>
        <position x="0.000" y="0.000" z="0.000" id="26"/>
        <position x="0.000" y="0.000" z="0.000" id="27"/>
        <position x="0.000" y="0.000" z="0.000" id="28"/>
        <position x="0.000" y="0.000" z="0.000" id="29"/>
        <position x="0.000" y="0.000" z="0.000" id="30"/>
        <position x="0.000" y="0.000" z="0.000" id="31"/>
        <position x="0.000" y="0.000" z="0.000" id="32"/>
        <position x="0.000" y="0.000" z="0.000" id="33"/>
        <position x="0.000" y="0.000" z="0.000" id="34"/>
        <position x="0.000" y="0.000" z="0.000" id="35"/>
        <position x="0.000" y="0.000" z="0.000" id="36"/>
        <position x="0.000" y="0.000" z="0.000" id="37"/>
        <position x="0.000" y="0.000" z="0.000" id="38"/>
        <position x="0.000" y="0.000" z="0.000" id="39"/>
        <position x="0.000" y="0.000" z="0.000" id="40"/>
        <position x="0.000" y="0.000" z="0.000" id="41"/>
        <position x="0.000" y="0.000" z="0.000" id="42"/>
        <position x="0.000" y="0.000" z="0.000" id="43"/>
        <position x="0.000" y="0.000" z="0.000" id="44"/>
        <position x="0.000" y="0.000" z="0.000" id="45"/>
        <position x="0.000" y="0.000" z="0.000" id="46"/>
        <position x="0.000" y="0.000" z="0.000" id="47"/>
        <position x="0.000" y="0.000" z="0.000" id="48"/>
        <position x="0.000" y="0.000" z="0.000" id="49"/>
        <position x="0.000" y="0.000" z="0.000" id="50"/>
        <position x="0.000" y="0.000" z="0.000" id="51"/>
        <position x="0.000" y="0.000" z="0.000" id="52"/>
        <position x="0.000" y="0.000" z="0.000" id="53"/>
        <position x="0.000" y="0.000" z="0.000" id="54"/>
        <position x="0.000" y="0.000" z="0.000" id="55"/>
        <position x="0.000" y="0.000" z="0.000" id="56"/>
        <position x="0.000" y="0.000" z="0.000" id="57"/>
        <position x="0.000" y="0.000" z="0.000" id="58"/>
        <position x="0.000" y="0.000" z="0.000" id="59"/>
        <position x="0.000" y="0.000" z="0.000" id="60"/>
        <position x="0.000" y="0.000" z="0.000" id="61"/>
        <position x="0.000" y="0.000" z="0.000" id="62"/>
        <position x="0.000" y="0.000" z="0.000" id="63"/>
        <position x="0.000" y="0.000" z="0.000" id="64"/>
        <position x="0.000" y="0.000" z="0.000" id="65"/>
        <position x="0.000" y="0.000" z="0.000" id="66"/>
        <position x="0.000" y="0.000" z="0.000" id="67"/>
        <position x="0.000" y="0.000" z="0.000" id="68"/>
        <position x="0.000" y="0.000" z="0.000" id="69"/>
        <position x="0.000" y="0.000" z="0.000" id="70"/>
        <position x="0.000" y="0.000" z="0.000" id="71"/>
        <position x="0.000" y="0.000" z="0.000" id="72"/>
        <position x="0.000" y="0.000" z="0.000" id="73"/>
        <position x="0.000" y="0.000" z="0.000" id="74"/>
        <position x="0.000" y="0.000" z="0.000" id="75"/>
        <position x="0.000" y="0.000" z="0.000" id="76"/>
        <position x="0.000" y="0.000" z="0.000" id="77"/>
        <position x="0.000" y="0.000" z="0.000" id="78"/>
        <position x="0.000" y="0.000" z="0.000" id="79"/>
        <position x="0.000" y="0.000" z="0.000" id="80"/>
        <position x="0.000" y="0.000" z="0.000" id="81"/>
        <position x="0.000" y="0.000" z="0.000" id="82"/>
        <position x="0.000" y="0.000" z="0.000" id="83"/>
        <position x="0.000" y="0.000" z="0.000" id="84"/>
        <position x="0.000" y="0.000" z="0.000" id="85"/>
        <position x="0.000" y="0.000" z="0.000" id="86"/>
        <position x="0.000" y="0.000" z="0.000" id="87"/>
        <position x="0.000" y="0.000" z="0.000" id="88"/>
        <position x="0.000" y="0.000" z="0.000" id="89"/>
        <position x="0.000" y="0.000" z="0.000" id="90"/>
        <position x="0.000" y="0.000" z="0.000" id="91"/>
        <position x="0.000" y="0.000" z="0.000" id="92"/>
        <position x="0.000" y="0.000" z="0.000" id="93"/>
        <position x="0.000" y="0.000" z="0.000" id="94"/>
        <position x="0.000" y="0.000" z="0.000" id="95"/>
        <position x="0.000" y="0.000" z="0.000" id="96"/>
        <position x="0.000" y="0.000" z="0.000" id="97"/>
        <position x="0.000" y="0.000" z="0.000" id="98"/>
        <position x="0.000" y="0.000" z="0.000" id="99"/>
        <position x="0.000" y="0.000" z="0.000" id="100"/>
        <position x="0.000" y="0.000" z="0.000" id="101"/>
        <position x="0.000" y="0.000" z="0.000" id="102"/>
        <position x="0.000" y="0.000" z="0.000" id="103"/>
        <position x="0.000" y="0.000" z="0.000" id="104"/>
        <position x="0.000" y="0.000" z="0.000" id="105"/>
        <position x="0.000" y="0.000" z="0.000" id="106"/>
        <position x="0.000" y="0.000" z="0.000" id="107"/>
        <position x="0.000" y="0.000" z="0.000" id="108"/>
        <position x="0.000" y="0.000" z="0.000" id="109"/>
        <position x="0.000" y="0.000" z="0.000" id="110"/>
        <position x="0.000" y="0.000" z="0.000" id="111"/>
        <position x="0.000" y="0.000" z="0.000" id="112"/>
        <position x="0.000" y="0.000" z="0.000" id="113"/>
        <position x="0.000" y="0.000" z="0.000" id="114"/>
        <position x="0.000" y="0.000" z="0.000" id="115"/>
        <position x="0.000" y="0.000" z="0.000" id="116"/>
        <position x="0.000" y="0.000" z="0.000" id="117"/>
        <position x="0.000" y="0.000" z="0.000" id="118"/>
        <position x="0.000" y="0.000" z="0.000" id="119"/>
        <position x="0.000" y="0.000" z="0.000" id="120"/>
        <position x="0.000" y="0.000" z="0.000" id="121"/>
        <position x="0.000" y="0.000" z="0.000" id="122"/>
        <position x="0.000" y="0.000" z="0.000" id="123"/>
        <position x="0.000" y="0.000" z="0.000" id="124"/>
        <position x="0.000" y="0.000" z="0.000" id="125"/>
        <position x="0.000" y="0.000" z="0.000" id="126"/>
        <position x="0.000" y="0.000" z="0.000" id="127"/>
        <position x="0.000" y="0.000" z="0.000" id="128"/>
        <position x="0.000" y="0.000" z="0.000" id="129"/>
        <position x="0.000" y="0.000" z="0.000" id="130"/>
        <position x="0.000" y="0.000" z="0.000" id="131"/>
        <position x="0.000" y="0.000" z="0.000" id="132"/>
        <position x="0.000" y="0.000" z="0.000" id="133"/>
        <position x="0.000" y="0.000" z="0.000" id="134"/>
        <position x="0.000" y="0.000" z="0.000" id="135"/>
        <position x="0.000" y="0.000" z="0.000" id="136"/>
        <position x="0.000" y="0.000" z="0.000" id="137"/>
        <position x="0.000" y="0.000" z="0.000" id="138"/>
        <position x="0.000" y="0.000" z="0.000" id="139"/>
        <position x="0.000" y="0.000" z="0.000" id="140"/>
        <position x="0.000" y="0.000" z="0.000" id="141"/>
        <position x="0.000" y="0.000" z="0.000" id="142"/>
        <position x="0.000" y="0.000" z="0.000" id="143"/>
        <position x="0.000" y="0.000" z="0.000" id="144"/>
        <position x="0.000" y="0.000" z="0.000" id="145"/>
        <position x="0.000" y="0.000" z="0.000" id="146"/>
        <position x="0.000" y="0.000" z="0.000" id="147"/>
        <position x="0.000" y="0.000" z="0.000" id="148"/>
        <position x="0.000" y="0.000" z="0.000" id="149"/>
        <position x="0.000" y="0.000" z="0.000" id="150"/>
        <position x="0.000" y="0.000" z="0.000" id="151"/>
        <position x="0.000" y="0.000" z="0.000" id="152"/>
        <position x="0.000" y="0.000" z="0.000" id="153"/>
        <position x="0.000" y="0.000" z="0.000" id="154"/>
        <position x="0.000" y="0.000" z="0.000" id="155"/>
        <position x="0.000" y="0.000" z="0.000" id="156"/>
        <position x="0.000" y="0.000" z="0.000" id="157"/>
        <position x="0.000" y="0.000" z="0.000" id="158"/>
        <position x="0.000" y="0.000" z="0.000" id="159"/>
        <position x="0.000" y="0.000" z="0.000" id="160"/>
        <position x="0.000" y="0.000" z="0.000" id="161"/>
        <position x="0.000" y="0.000" z="0.000" id="162"/>
        <position x="0.000" y="0.000" z="0.000" id="163"/>
        <position x="0.000" y="0.000" z="0.000" id="164"/>
        <position x="0.000" y="0.000" z="0.000" id="165"/>
        <position x="0.000" y="0.000" z="0.000" id="166"/>
        <position x="0.000" y="0.000" z="0.000" id="167"/>
        <position x="0.000" y="0.000" z="0.000" id="168"/>
        <position x="0.000" y="0.000" z="0.000" id="169"/>
        <position x="0.000" y="0.000" z="0.000" id="170"/>
        <position x="0.000" y="0.000" z="0.000" id="171"/>
        <position x="0.000" y="0.000" z="0.000" id="172"/>
        <position x="0.000" y="0.000" z="0.000" id="173"/>
        <position x="0.000" y="0.000" z="0.000" id="174"/>
        <position x="0.000" y="0.000" z="0.000" id="175"/>
        <position x="0.000" y="0.000" z="0.000" id="176"/>
        <position x="0.000" y="0.000" z="0.000" id="177"/>
        <position x="0.000" y="0.000" z="0.000" id="178"/>
        <position x="0.000" y="0.000" z="0.000" id="179"/>
        <position x="0.000" y="0.000" z="0.000" id="180"/>
        <position x="0.000" y="0.000" z="0.000" id="181"/>
        <position x="0.000" y="0.000" z="0.000" id="182"/>
        <position x="0.000" y="0.000" z="0.000" id="183"/>
        <position x="0.000" y="0.000" z="0.000" id="184"/>
        <position x="0.000" y="0.000" z="0.000" id="185"/>
        <position x="0.000" y="0.000" z="0.000" id="186"/>
        <position x="0.000" y="0.000" z="0.000" id="187"/>
        <position x="0.000" y="0.000" z="0.000" id="188"/>
        <position x="0.000" y="0.000" z="0.000" id="189"/>
        <position x="0.000" y="0.000" z="0.000" id="190"/>
        <position x="0.000" y="0.000" z="0.000" id="191"/>
        <position x="0.000" y="0.000" z="0.000" id="192"/>
        <position x="0.000" y="0.000" z="0.000" id="193"/>
        <position x="0.000" y="0.000" z="0.000" id="194"/>
        <position x="0.000" y="0.000" z="0.000" id="195"/>
        <position x="0.000" y="0.000" z="0.000" id="196"/>
        <position x="0.000" y="0.000" z="0.000" id="197"/>
        <position x="0.000" y="0.000" z="0.000" id="198"/>
        <position x="0.000" y="0.000" z="0.000" id="199"/>
        <position x="0.000" y="0.000" z="0.000" id="200"/>
        <position x="0.000" y="0.000" z="0.000" id="201"/>
        <position x="0.000" y="0.000" z="0.000" id="202"/>
        <position x="0.000" y="0.000" z="0.000" id="203"/>
        <position x="0.000" y="0.000" z="0.000" id="204"/>
        <position x="0.000" y="0.000" z="0.000" id="205"/>
        <position x="0.000" y="0.000" z="0.000" id="206"/>
        <position x="0.000" y="0.000" z="0.000" id="207"/>
        <position x="0.000" y="0.000" z="0.000" id="208"/>
        <position x="0.000" y="0.000" z="0.000" id="209"/>
        <position x="0.000" y="0.000" z="0.000" id="210"/>
        <position x="0.000" y="0.000" z="0.000" id="211"/>
        <position x="0.000" y="0.000" z="0.000" id="212"/>
        <position x="0.000" y="0.000" z="0.000" id="213"/>
        <position x="0.000" y="0.000" z="0.000" id="214"/>
        <position x="0.000" y="0.000" z="0.000" id="215"/>
        <position x="0.000" y="0.000" z="0.000" id="216"/>
        <position x="0.000" y="0.000" z="0.000" id="217"/>
        <position x="0.000" y="0.000" z="0.000" id="218"/>
        <position x="0.000" y="0.000" z="0.000" id="219"/>
        <position x="0.000" y="0.000" z="0.000" id="220"/>
        <position x="0.000" y="0.000" z="0.000" id="221"/>
        <position x="0.000" y="0.000" z="0.000" id="222"/>
        <position x="0.000" y="0.000" z="0.000" id="223"/>
        <position x="0.000" y="0.000" z="0.000" id="224"/>
        <position x="0.000" y="0.000" z="0.000" id="225"/>
        <position x="0.000" y="0.000" z="0.000" id="226"/>
        <position x="0.000" y="0.000" z="0.000" id="227"/>
        <position x="0.000" y="0.000" z="0.000" id="228"/>
        <position x="0.000" y="0.000" z="0.000" id="229"/>
        <position x="0.000" y="0.000" z="0.000" id="230"/>
        <position x="0.000" y="0.000" z="0.000" id="231"/>
        <position x="0.000" y="0.000" z="0.000" id="232"/>
        <position x="0.000" y="0.000" z="0.000" id="233"/>
        <position x="0.000" y="0.000" z="0.000" id="234"/>
        <position x="0.000" y="0.000" z="0.000" id="235"/>
        <position x="0.000" y="0.000" z="0.000" id="236"/>
        <position x="0.000" y="0.000" z="0.000" id="237"/>
        <position x="0.000" y="0.000" z="0.000" id="238"/>
        <position x="0.000" y="0.000" z="0.000" id="239"/>
        <position x="0.000" y="0.000" z="0.000" id="240"/>
        <position x="0.000" y="0.000" z="0.000" id="241"/>
        <position x="0.000" y="0.000" z="0.000" id="242"/>
        <position x="0.000" y="0.000" z="0.000" id="243"/>
        <position x="0.000" y="0.000" z="0.000" id="244"/>
        <position x="0.000" y="0.000" z="0.000" id="245"/>
        <position x="0.000" y="0.000" z="0.000" id="246"/>
        <position x="0.000" y="0.000" z="0.000" id="247"/>
        <position x="0.000" y="0.000" z="0.000" id="248"/>
        <position x="0.000" y="0.000" z="0.000" id="249"/>
        <position x="0.000" y="0.000" z="0.000" id="250"/>
        <position x="0.000" y="0.000" z="0.000" id="251"/>
        <position x="0.000" y="0.000" z="0.000" id="252"/>
        <position x="0.000" y="0.000" z="0.000" id="253"/>
        <position x="0.000" y="0.000" z="0.000" id="254"/>
        <position x="0.000" y="0.000" z="0.000" id="255"/>
        <position x="0.000" y="0.000" z="0.000" id="256"/>
    </positions>
</hark_xml>
